{
  "_format": "hh-sol-cache-2",
  "files": {
    "C:\\Vatsal\\All Final Projects\\dappVoting System\\contracts\\DappVotes.sol": {
      "lastModificationDate": 1713384094197,
      "contentHash": "2e65fd9d66e8b69a373236771181adef",
      "sourceName": "contracts/DappVotes.sol",
      "solcConfig": {
        "version": "0.8.17",
        "settings": {
          "optimizer": {
            "enabled": true,
            "runs": 200
          },
          "outputSelection": {
            "*": {
              "*": [
                "abi",
                "evm.bytecode",
                "evm.deployedBytecode",
                "evm.methodIdentifiers",
                "metadata"
              ],
              "": [
                "ast"
              ]
            }
          }
        }
      },
      "imports": [
        "@openzeppelin/contracts/utils/Counters.sol"
      ],
      "versionPragmas": [
        ">=0.7.0 <0.9.0"
      ],
      "artifacts": [
        "DappVotes"
      ]
    },
    "C:\\Vatsal\\All Final Projects\\dappVoting System\\node_modules\\@openzeppelin\\contracts\\utils\\Counters.sol": {
      "lastModificationDate": 1713385842291,
      "contentHash": "74654e3ae5d7f39555055dfe244dab7a",
      "sourceName": "@openzeppelin/contracts/utils/Counters.sol",
      "solcConfig": {
        "version": "0.8.17",
        "settings": {
          "optimizer": {
            "enabled": true,
            "runs": 200
          },
          "outputSelection": {
            "*": {
              "*": [
                "abi",
                "evm.bytecode",
                "evm.deployedBytecode",
                "evm.methodIdentifiers",
                "metadata"
              ],
              "": [
                "ast"
              ]
            }
          }
        }
      },
      "imports": [],
      "versionPragmas": [
        "^0.8.0"
      ],
      "artifacts": [
        "Counters"
      ]
    }
  }
}
